{"meta": {"format": 3, "version": "7.13.4", "timestamp": "2026-02-24T23:35:25.567154", "branch_coverage": false, "show_contexts": false}, "files": {"src/tenxyte/views/rbac_views.py": {"executed_lines": [1, 2, 3, 4, 5, 7, 11, 12, 13, 14, 16, 17, 18, 21, 43, 48, 50, 51, 52, 53, 55, 56, 57, 58, 59, 61, 62, 64, 65, 66, 67, 68, 73, 74, 77, 98, 103, 104, 105, 106, 107, 108, 109, 114, 115, 116, 117, 118, 119, 124, 125, 126, 131, 132, 134, 135, 136, 137, 138, 139, 140, 141, 147, 169, 174, 176, 177, 178, 179, 181, 182, 183, 184, 185, 187, 188, 190, 191, 192, 193, 194, 199, 200, 203, 224, 229, 230, 231, 232, 233, 234, 235, 240, 241, 242, 243, 244, 245, 250, 251, 252, 257, 258, 260, 261, 262, 263, 264, 265, 266, 267, 273, 295, 301, 302, 303, 304, 305, 307, 309, 310, 311, 312, 313, 314, 318, 320, 321, 322, 325, 326, 327, 328, 329, 330, 335, 336, 337, 338, 339, 344, 350, 351, 353, 354, 355, 360, 361, 362, 367, 368, 369, 371, 372, 373, 379, 382, 384, 385, 387, 393, 394, 396, 398, 399, 401, 402, 403, 408, 409, 410, 415, 416, 417, 419, 420, 421, 427, 430, 431, 433, 434, 436, 442, 443, 445, 558, 580, 586, 587, 588, 589, 590, 592, 594, 595, 596, 597, 598, 599, 603, 605, 606, 607, 608, 609, 610, 611, 612, 613, 618, 619, 620, 621, 622, 627, 636, 637, 639, 640, 641, 646, 647, 648, 653, 654, 655, 657, 658, 659, 665, 668, 670, 671, 673, 681, 682, 684, 686, 687, 689, 690, 691, 696, 697, 698, 703, 704, 705, 707, 708, 709, 715, 718, 719, 721, 722, 724, 732, 733, 735], "summary": {"covered_lines": 261, "num_statements": 263, "percent_covered": 99.23954372623574, "percent_covered_display": "99", "missing_lines": 2, "excluded_lines": 111, "percent_statements_covered": 99.23954372623574, "percent_statements_covered_display": "99"}, "missing_lines": [315, 600], "excluded_lines": [316, 324, 448, 449, 450, 451, 452, 453, 454, 455, 456, 457, 458, 459, 460, 461, 462, 463, 464, 465, 466, 467, 468, 469, 470, 471, 472, 473, 474, 475, 476, 477, 478, 479, 480, 481, 482, 483, 484, 485, 486, 487, 488, 489, 490, 491, 492, 493, 494, 495, 496, 497, 498, 499, 500, 501, 502, 503, 504, 505, 506, 507, 508, 509, 510, 511, 512, 513, 514, 515, 516, 517, 518, 519, 520, 521, 522, 523, 524, 525, 526, 527, 528, 529, 530, 531, 532, 533, 534, 535, 536, 537, 538, 539, 540, 541, 542, 543, 544, 545, 546, 547, 548, 549, 550, 551, 552, 553, 554, 555, 601], "functions": {"PermissionListView.get": {"executed_lines": [52, 53, 55, 56, 57, 58, 59, 61, 62], "summary": {"covered_lines": 9, "num_statements": 9, "percent_covered": 100.0, "percent_covered_display": "100", "missing_lines": 0, "excluded_lines": 0, "percent_statements_covered": 100.0, "percent_statements_covered_display": "100"}, "missing_lines": [], "excluded_lines": [], "start_line": 51}, "PermissionListView.post": {"executed_lines": [66, 67, 68, 73, 74], "summary": {"covered_lines": 5, "num_statements": 5, "percent_covered": 100.0, "percent_covered_display": "100", "missing_lines": 0, "excluded_lines": 0, "percent_statements_covered": 100.0, "percent_statements_covered_display": "100"}, "missing_lines": [], "excluded_lines": [], "start_line": 65}, "PermissionDetailView.get": {"executed_lines": [105, 106, 107, 108, 109], "summary": {"covered_lines": 5, "num_statements": 5, "percent_covered": 100.0, "percent_covered_display": "100", "missing_lines": 0, "excluded_lines": 0, "percent_statements_covered": 100.0, "percent_statements_covered_display": "100"}, "missing_lines": [], "excluded_lines": [], "start_line": 104}, "PermissionDetailView.put": {"executed_lines": [116, 117, 118, 119, 124, 125, 126, 131, 132], "summary": {"covered_lines": 9, "num_statements": 9, "percent_covered": 100.0, "percent_covered_display": "100", "missing_lines": 0, "excluded_lines": 0, "percent_statements_covered": 100.0, "percent_statements_covered_display": "100"}, "missing_lines": [], "excluded_lines": [], "start_line": 115}, "PermissionDetailView.delete": {"executed_lines": [136, 137, 138, 139, 140, 141], "summary": {"covered_lines": 6, "num_statements": 6, "percent_covered": 100.0, "percent_covered_display": "100", "missing_lines": 0, "excluded_lines": 0, "percent_statements_covered": 100.0, "percent_statements_covered_display": "100"}, "missing_lines": [], "excluded_lines": [], "start_line": 135}, "RoleListView.get": {"executed_lines": [178, 179, 181, 182, 183, 184, 185, 187, 188], "summary": {"covered_lines": 9, "num_statements": 9, "percent_covered": 100.0, "percent_covered_display": "100", "missing_lines": 0, "excluded_lines": 0, "percent_statements_covered": 100.0, "percent_statements_covered_display": "100"}, "missing_lines": [], "excluded_lines": [], "start_line": 177}, "RoleListView.post": {"executed_lines": [192, 193, 194, 199, 200], "summary": {"covered_lines": 5, "num_statements": 5, "percent_covered": 100.0, "percent_covered_display": "100", "missing_lines": 0, "excluded_lines": 0, "percent_statements_covered": 100.0, "percent_statements_covered_display": "100"}, "missing_lines": [], "excluded_lines": [], "start_line": 191}, "RoleDetailView.get": {"executed_lines": [231, 232, 233, 234, 235], "summary": {"covered_lines": 5, "num_statements": 5, "percent_covered": 100.0, "percent_covered_display": "100", "missing_lines": 0, "excluded_lines": 0, "percent_statements_covered": 100.0, "percent_statements_covered_display": "100"}, "missing_lines": [], "excluded_lines": [], "start_line": 230}, "RoleDetailView.put": {"executed_lines": [242, 243, 244, 245, 250, 251, 252, 257, 258], "summary": {"covered_lines": 9, "num_statements": 9, "percent_covered": 100.0, "percent_covered_display": "100", "missing_lines": 0, "excluded_lines": 0, "percent_statements_covered": 100.0, "percent_statements_covered_display": "100"}, "missing_lines": [], "excluded_lines": [], "start_line": 241}, "RoleDetailView.delete": {"executed_lines": [262, 263, 264, 265, 266, 267], "summary": {"covered_lines": 6, "num_statements": 6, "percent_covered": 100.0, "percent_covered_display": "100", "missing_lines": 0, "excluded_lines": 0, "percent_statements_covered": 100.0, "percent_statements_covered_display": "100"}, "missing_lines": [], "excluded_lines": [], "start_line": 261}, "RolePermissionsView._get_role": {"executed_lines": [302, 303, 304, 305], "summary": {"covered_lines": 4, "num_statements": 4, "percent_covered": 100.0, "percent_covered_display": "100", "missing_lines": 0, "excluded_lines": 0, "percent_statements_covered": 100.0, "percent_statements_covered_display": "100"}, "missing_lines": [], "excluded_lines": [], "start_line": 301}, "RolePermissionsView._safe_add_permissions": {"executed_lines": [309, 310, 311, 312, 313, 314], "summary": {"covered_lines": 6, "num_statements": 7, "percent_covered": 85.71428571428571, "percent_covered_display": "86", "missing_lines": 1, "excluded_lines": 1, "percent_statements_covered": 85.71428571428571, "percent_statements_covered_display": "86"}, "missing_lines": [315], "excluded_lines": [316], "start_line": 307}, "RolePermissionsView._safe_remove_permissions": {"executed_lines": [320, 321, 322, 325, 326, 327, 328, 329, 330], "summary": {"covered_lines": 9, "num_statements": 9, "percent_covered": 100.0, "percent_covered_display": "100", "missing_lines": 0, "excluded_lines": 1, "percent_statements_covered": 100.0, "percent_statements_covered_display": "100"}, "missing_lines": [], "excluded_lines": [324], "start_line": 318}, "RolePermissionsView.get": {"executed_lines": [337, 338, 339, 344], "summary": {"covered_lines": 4, "num_statements": 4, "percent_covered": 100.0, "percent_covered_display": "100", "missing_lines": 0, "excluded_lines": 0, "percent_statements_covered": 100.0, "percent_statements_covered_display": "100"}, "missing_lines": [], "excluded_lines": [], "start_line": 336}, "RolePermissionsView.post": {"executed_lines": [353, 354, 355, 360, 361, 362, 367, 368, 369, 371, 372, 373, 379, 382, 384, 385, 387, 393, 394, 396], "summary": {"covered_lines": 20, "num_statements": 20, "percent_covered": 100.0, "percent_covered_display": "100", "missing_lines": 0,